movie_id,director_id
0,0
1,1
2,2
3,3
4,4
5,5
6,6
7,7
8,8
9,9
10,10
11,11
12,1
13,1
14,9
15,15
16,16
17,17
18,18
19,19
20,20
21,18
22,22
23,0
24,24
25,25
26,26
27,27
28,28
29,29
30,30
31,31
32,31
33,19
34,34
35,35
36,36
37,37
38,38
39,11
40,10
41,41
42,10
43,43
44,44
45,31
46,46
47,47
48,48
49,49
50,5
51,29
52,52
53,53
54,54
55,15
56,10
57,3
58,58
59,59
60,60
61,61
62,17
63,63
64,64
65,65
66,66
67,67
68,68
69,58
70,60
71,71
72,72
73,73
74,74
75,24
76,76
77,77
78,78
79,79
80,53
81,52
82,82
83,83
84,84
85,3
86,3
87,18
88,88
89,89
90,90
91,91
92,92
93,93
94,94
95,95
96,96
97,97
98,31
99,31
100,100
101,8
102,43
103,25
104,90
105,105
106,77
107,3
108,108
109,109
110,110
111,54
112,112
113,54
114,96
115,115
116,116
117,117
118,118
119,119
120,120
121,105
122,122
123,123
124,8
125,125
126,126
127,127
128,41
129,52
130,130
131,131
132,132
133,92
134,108
135,135
136,31
137,17
138,53
139,139
140,77
141,141
142,142
143,143
144,41
145,27
146,82
147,147
148,63
149,9
150,150
151,151
152,152
153,153
154,154
155,123
156,97
157,157
158,115
159,159
160,160
161,46
162,162
163,163
164,1
165,108
166,166
167,167
168,168
169,90
170,170
171,46
172,31
173,94
174,174
175,175
176,46
177,177
178,178
179,127
180,180
181,181
182,109
183,183
184,184
185,185
186,186
187,1
188,181
189,90
190,116
191,191
192,10
193,49
194,194
195,195
196,196
197,197
198,116
199,52
200,200
201,92
202,202
203,151
204,204
205,166
206,37
207,20
208,132
209,209
210,210
211,54
212,212
213,213
214,214
215,215
216,215
217,58
218,213
219,215
220,220
221,221
222,200
223,223
224,177
225,225
226,226
227,109
228,228
229,229
230,52
231,231
232,66
233,185
234,61
235,59
236,236
237,160
238,238
239,239
240,240
241,185
242,109
243,239
244,244
245,110
246,246
247,18
248,248
249,249
250,147
251,20
252,132
253,253
254,20
255,255
256,256
257,257
258,20
259,46
260,184
261,0
262,248
263,20
264,0
265,265
266,266
267,267
268,268
269,269
270,270
271,271
272,272
273,91
274,274
275,275
276,276
277,277
278,143
279,61
280,197
281,281
282,282
283,9
284,284
285,253
286,286
287,287
288,288
289,116
290,290
291,166
292,292
293,293
294,68
295,61
296,296
297,297
298,298
299,20
300,300
301,301
302,302
303,303
304,292
305,5
306,18
307,18
308,308
309,272
310,310
311,123
312,312
313,313
314,314
315,77
316,316
317,184
318,17
319,34
320,265
321,29
322,53
323,323
324,191
325,325
326,37
327,61
328,328
329,325
330,88
331,195
332,194
333,270
334,334
335,10
336,336
337,184
338,46
339,132
340,53
341,281
342,342
343,343
344,244
345,152
346,174
347,265
348,348
349,191
350,184
351,351
352,352
353,353
354,354
355,116
356,356
357,357
358,244
359,53
360,115
361,166
362,92
363,231
364,364
365,365
366,366
367,160
368,368
369,366
370,29
371,371
372,265
373,371
374,231
375,375
376,376
377,377
378,25
379,195
380,16
381,49
382,382
383,383
384,384
385,385
386,386
387,387
388,388
389,389
390,239
391,391
392,228
393,66
394,44
395,88
396,229
397,65
398,398
399,348
400,357
401,401
402,105
403,403
404,82
405,405
406,406
407,142
408,389
409,76
410,336
411,389
412,371
413,61
414,414
415,276
416,200
417,417
418,2
419,336
420,160
421,272
422,422
423,423
424,424
425,425
426,244
427,427
428,109
429,150
430,64
431,431
432,432
433,433
434,391
435,435
436,436
437,437
438,365
439,160
440,440
441,130
442,290
443,257
444,35
445,445
446,446
447,447
448,105
449,449
450,135
451,83
452,225
453,63
454,454
455,455
456,456
457,16
458,150
459,459
460,115
461,153
462,462
463,301
464,464
465,277
466,364
467,467
468,116
469,375
470,228
471,471
472,29
473,123
474,336
475,475
476,167
477,477
478,478
479,479
480,480
481,481
482,52
483,46
484,108
485,177
486,10
487,487
488,31
489,191
490,389
491,417
492,316
493,493
494,159
495,336
496,46
497,160
498,343
499,35
500,500
501,303
502,170
503,160
504,504
505,46
506,506
507,507
508,194
509,212
510,510
511,511
512,512
513,513
514,386
515,515
516,516
517,517
518,364
519,519
520,520
521,314
522,127
523,523
524,9
525,348
526,511
527,527
528,513
529,529
530,25
531,267
532,532
533,533
534,2
535,535
536,536
537,316
538,377
539,127
540,540
541,127
542,15
543,34
544,544
545,63
546,546
547,116
548,269
549,46
550,29
551,316
552,552
553,160
554,554
555,127
556,364
557,540
558,558
559,506
560,560
561,120
562,105
563,500
564,46
565,565
566,0
567,100
568,568
569,143
570,89
571,377
572,116
573,197
574,574
575,540
576,576
577,417
578,578
579,579
580,195
581,581
582,582
583,583
584,240
585,248
586,586
587,587
588,588
589,316
590,590
591,591
592,298
593,481
594,594
595,595
596,596
597,597
598,583
599,248
600,600
601,20
602,300
603,487
604,388
605,160
606,606
607,607
608,46
609,609
610,371
611,276
612,612
613,46
614,54
615,116
616,281
617,617
618,618
619,619
620,267
621,35
622,401
623,623
624,316
625,200
626,91
627,100
628,43
629,629
630,630
631,631
632,632
633,37
634,634
635,635
636,500
637,364
638,364
639,316
640,640
641,60
642,88
643,37
644,160
645,645
646,619
647,647
648,648
649,606
650,650
651,342
652,652
653,282
654,300
655,131
656,46
657,612
658,174
659,659
660,660
661,83
662,662
663,663
664,664
665,269
666,666
667,667
668,9
669,300
670,670
671,536
672,334
673,271
674,88
675,66
676,35
677,272
678,157
679,679
680,532
681,652
682,288
683,504
684,684
685,108
686,686
687,265
688,417
689,689
690,690
691,29
692,185
693,100
694,694
695,248
696,268
697,697
698,316
699,699
700,231
701,701
702,520
703,127
704,265
705,705
706,401
707,707
708,44
709,709
710,710
711,587
712,200
713,713
714,714
715,160
716,716
717,717
718,117
719,719
720,720
721,721
722,506
723,723
724,724
725,323
726,726
727,606
728,728
729,729
730,623
731,731
732,196
733,733
734,552
735,735
736,736
737,737
738,738
739,35
740,277
741,729
742,713
743,743
744,694
745,554
746,667
747,135
748,748
749,749
750,364
751,7
752,65
753,348
754,754
755,755
756,756
757,757
758,758
759,705
760,760
761,116
762,762
763,650
764,764
765,765
766,35
767,767
768,768
769,769
770,770
771,623
772,160
773,313
774,707
775,775
776,565
777,391
778,684
779,109
780,364
781,781
782,160
783,640
784,784
785,63
786,29
787,787
788,788
789,160
790,417
791,791
792,53
793,667
794,300
795,795
796,150
797,65
798,513
799,799
800,800
801,166
802,109
803,286
804,506
805,805
806,265
807,807
808,185
809,511
810,286
811,269
812,298
813,160
814,269
815,356
816,53
817,817
818,736
819,313
820,132
821,821
822,88
823,823
824,824
825,435
826,826
827,827
828,91
829,583
830,830
831,831
832,623
833,384
834,265
835,197
836,836
837,837
838,838
839,839
840,840
841,93
842,560
843,843
844,721
845,845
846,44
847,807
848,756
849,849
850,554
851,24
852,852
853,383
854,709
855,475
856,516
857,178
858,858
859,859
860,623
861,504
862,862
863,436
864,864
865,46
866,353
867,168
868,868
869,544
870,870
871,871
872,872
873,873
874,61
875,875
876,876
877,583
878,878
879,879
880,22
881,15
882,882
883,67
884,554
885,595
886,212
887,65
888,267
889,446
890,41
891,231
892,733
893,323
894,894
895,168
896,896
897,184
898,784
899,16
900,900
901,901
902,902
903,554
904,147
905,817
906,906
907,632
908,908
909,909
910,910
911,92
912,912
913,913
914,914
915,872
916,160
917,917
918,918
919,919
920,920
921,921
922,422
923,31
924,924
925,925
926,623
927,20
928,88
929,929
930,930
931,931
932,504
933,933
934,934
935,456
936,872
937,406
938,938
939,939
940,940
941,941
942,862
943,943
944,544
945,914
946,27
947,160
948,948
949,817
950,623
951,150
952,952
953,662
954,954
955,195
956,623
957,282
958,958
959,160
960,77
961,961
962,357
963,823
964,770
965,912
966,966
967,967
968,301
969,969
970,970
971,971
972,972
973,973
974,66
975,160
976,265
977,827
978,787
979,979
980,980
981,325
982,982
983,500
984,984
985,574
986,986
987,160
988,316
989,989
990,231
991,46
992,743
993,209
994,174
995,88
996,996
997,719
998,368
999,512
1000,762
1001,213
1002,729
1003,849
1004,213
1005,1005
1006,231
1007,325
1008,1008
1009,1009
1010,195
1011,1011
1012,1012
1013,1013
1014,1014
1015,1015
1016,909
1017,3
1018,560
1019,821
1020,143
1021,65
1022,1022
1023,1023
1024,707
1025,1005
1026,1026
1027,733
1028,432
1029,544
1030,352
1031,197
1032,662
1033,174
1034,507
1035,1035
1036,506
1037,142
1038,660
1039,93
1040,480
1041,1041
1042,1042
1043,1043
1044,701
1045,989
1046,34
1047,1043
1048,517
1049,1049
1050,800
1051,1051
1052,1052
1053,1053
1054,391
1055,805
1056,864
1057,298
1058,100
1059,1059
1060,1060
1061,1061
1062,1062
1063,2
1064,150
1065,1065
1066,1066
1067,729
1068,1068
1069,1069
1070,1070
1071,1071
1072,1072
1073,1073
1074,100
1075,648
1076,68
1077,900
1078,296
1079,1079
1080,17
1081,43
1082,160
1083,1083
1084,1084
1085,1085
1086,1086
1087,384
1088,513
1089,511
1090,1083
1091,1091
1092,1092
1093,1093
1094,246
1095,1095
1096,540
1097,159
1098,1098
1099,342
1100,1100
1101,272
1102,323
1103,1042
1104,831
1105,1105
1106,1106
1107,1107
1108,1108
1109,391
1110,940
1111,1111
1112,1112
1113,629
1114,1114
1115,1115
1116,1116
1117,1117
1118,954
1119,1119
1120,1120
1121,1121
1122,160
1123,721
1124,864
1125,1125
1126,901
1127,1127
1128,127
1129,1129
1130,670
1131,719
1132,1132
1133,1133
1134,53
1135,301
1136,1136
1137,862
1138,197
1139,109
1140,25
1141,1011
1142,38
1143,88
1144,1144
1145,1026
1146,1146
1147,53
1148,1148
1149,849
1150,619
1151,901
1152,423
1153,583
1154,902
1155,371
1156,202
1157,248
1158,640
1159,650
1160,1071
1161,1105
1162,583
1163,100
1164,879
1165,1
1166,1166
1167,1100
1168,1168
1169,1059
1170,46
1171,314
1172,1172
1173,256
1174,456
1175,1175
1176,67
1177,1022
1178,3
1179,784
1180,1180
1181,533
1182,1114
1183,1183
1184,431
1185,764
1186,1186
1187,762
1188,1188
1189,1189
1190,623
1191,849
1192,1065
1193,46
1194,195
1195,1195
1196,733
1197,1197
1198,684
1199,1199
1200,1132
1201,1146
1202,197
1203,100
1204,1204
1205,1205
1206,933
1207,1207
1208,406
1209,583
1210,160
1211,446
1212,595
1213,1053
1214,1214
1215,1042
1216,970
1217,1217
1218,184
1219,268
1220,799
1221,824
1222,277
1223,1223
1224,1224
1225,435
1226,61
1227,1011
1228,1005
1229,1229
1230,587
1231,1231
1232,1232
1233,858
1234,281
1235,1235
1236,1236
1237,1237
1238,1238
1239,1239
1240,961
1241,770
1242,958
1243,721
1244,1244
1245,1245
1246,1144
1247,1247
1248,1248
1249,266
1250,980
1251,1251
1252,1252
1253,1253
1254,1254
1255,919
1256,1217
1257,1257
1258,943
1259,705
1260,1260
1261,875
1262,1262
1263,762
1264,1264
1265,737
1266,1266
1267,308
1268,1268
1269,303
1270,1270
1271,147
1272,1272
1273,185
1274,645
1275,63
1276,105
1277,7
1278,1278
1279,852
1280,389
1281,200
1282,513
1283,507
1284,1284
1285,862
1286,1286
1287,1287
1288,90
1289,160
1290,1290
1291,1291
1292,97
1293,1293
1294,913
1295,1295
1296,726
1297,648
1298,97
1299,770
1300,20
1301,958
1302,210
1303,1303
1304,1304
1305,510
1306,1306
1307,1307
1308,919
1309,1309
1310,1310
1311,1086
1312,1312
1313,1313
1314,1314
1315,116
1316,1306
1317,1317
1318,1318
1319,1319
1320,1168
1321,425
1322,896
1323,1323
1324,83
1325,1325
1326,1326
1327,1319
1328,824
1329,504
1330,662
1331,1331
1332,588
1333,954
1334,948
1335,220
1336,1336
1337,401
1338,1338
1339,300
1340,105
1341,973
1342,150
1343,1343
1344,160
1345,862
1346,414
1347,1313
1348,670
1349,1349
1350,414
1351,61
1352,507
1353,529
1354,1354
1355,423
1356,864
1357,76
1358,298
1359,225
1360,386
1361,558
1362,558
1363,1363
1364,1364
1365,631
1366,1172
1367,1343
1368,900
1369,529
1370,334
1371,1371
1372,1144
1373,336
1374,1374
1375,43
1376,364
1377,1313
1378,314
1379,954
1380,1380
1381,1381
1382,160
1383,1383
1384,1384
1385,1385
1386,648
1387,424
1388,1115
1389,500
1390,623
1391,1391
1392,1392
1393,435
1394,578
1395,1395
1396,1396
1397,1317
1398,63
1399,623
1400,1400
1401,980
1402,1402
1403,1403
1404,1404
1405,475
1406,1406
1407,864
1408,1408
1409,1409
1410,1146
1411,764
1412,1132
1413,836
1414,640
1415,925
1416,1098
1417,1417
1418,1418
1419,694
1420,635
1421,1204
1422,1422
1423,425
1424,1424
1425,257
1426,871
1427,1427
1428,901
1429,1429
1430,908
1431,53
1432,1432
1433,20
1434,160
1435,150
1436,640
1437,1437
1438,348
1439,1439
1440,1440
1441,151
1442,162
1443,973
1444,1444
1445,1445
1446,689
1447,1447
1448,61
1449,175
1450,1450
1451,272
1452,1452
1453,1453
1454,1454
1455,807
1456,1223
1457,1009
1458,662
1459,574
1460,239
1461,1461
1462,1462
1463,1463
1464,1464
1465,1465
1466,1466
1467,1467
1468,43
1469,1469
1470,1470
1471,1214
1472,1472
1473,60
1474,91
1475,707
1476,150
1477,1477
1478,1107
1479,1120
1480,1480
1481,1453
1482,1482
1483,1483
1484,879
1485,95
1486,902
1487,197
1488,721
1489,46
1490,1490
1491,966
1492,159
1493,27
1494,1060
1495,61
1496,1496
1497,1497
1498,1291
1499,1499
1500,271
1501,1501
1502,231
1503,1503
1504,849
1505,1505
1506,770
1507,1507
1508,342
1509,53
1510,1510
1511,961
1512,1331
1513,902
1514,578
1515,1107
1516,1516
1517,17
1518,16
1519,336
1520,1520
1521,34
1522,244
1523,1523
1524,1524
1525,1467
1526,195
1527,1527
1528,17
1529,878
1530,544
1531,1395
1532,88
1533,209
1534,1534
1535,623
1536,623
1537,729
1538,1168
1539,1132
1540,256
1541,1541
1542,1111
1543,143
1544,1544
1545,1545
1546,1546
1547,1547
1548,22
1549,1549
1550,670
1551,1172
1552,160
1553,475
1554,1554
1555,1555
1556,405
1557,446
1558,405
1559,1559
1560,1560
1561,1561
1562,1295
1563,1563
1564,1068
1565,389
1566,1114
1567,1567
1568,979
1569,1229
1570,743
1571,405
1572,20
1573,583
1574,105
1575,1575
1576,1035
1577,506
1578,27
1579,1579
1580,1580
1581,152
1582,967
1583,11
1584,591
1585,1585
1586,1586
1587,383
1588,1588
1589,298
1590,743
1591,160
1592,1592
1593,1593
1594,1594
1595,160
1596,1596
1597,799
1598,1598
1599,1599
1600,1600
1601,1601
1602,1009
1603,1603
1604,940
1605,1605
1606,431
1607,1607
1608,1608
1609,1609
1610,1172
1611,1611
1612,1612
1613,1613
1614,1614
1615,506
1616,1616
1617,1617
1618,143
1619,713
1620,1620
1621,930
1622,1622
1623,1623
1624,1624
1625,1625
1626,662
1627,600
1628,871
1629,1629
1630,894
1631,986
1632,1632
1633,1633
1634,1634
1635,1422
1636,447
1637,1637
1638,160
1639,1022
1640,1060
1641,1641
1642,1642
1643,1643
1644,894
1645,1645
1646,1549
1647,1647
1648,1648
1649,1649
1650,1650
1651,1651
1652,272
1653,11
1654,1654
1655,1437
1656,1656
1657,1657
1658,1658
1659,1659
1660,1660
1661,1661
1662,213
1663,160
1664,1664
1665,908
1666,116
1667,565
1668,1106
1669,1669
1670,1670
1671,612
1672,1672
1673,1673
1674,253
1675,504
1676,46
1677,1677
1678,135
1679,1014
1680,862
1681,195
1682,1472
1683,267
1684,151
1685,1624
1686,417
1687,1687
1688,961
1689,213
1690,91
1691,1114
1692,256
1693,277
1694,325
1695,1422
1696,699
1697,1331
1698,89
1699,728
1700,984
1701,1701
1702,743
1703,20
1704,587
1705,37
1706,1706
1707,1707
1708,464
1709,733
1710,300
1711,707
1712,1384
1713,958
1714,969
1715,1100
1716,61
1717,1717
1718,1718
1719,1719
1720,1720
1721,1114
1722,529
1723,1168
1724,1251
1725,1725
1726,1726
1727,110
1728,160
1729,1729
1730,1730
1731,60
1732,919
1733,934
1734,1734
1735,1735
1736,22
1737,1304
1738,1738
1739,52
1740,92
1741,147
1742,1742
1743,160
1744,1744
1745,1745
1746,1254
1747,1747
1748,1748
1749,862
1750,1750
1751,1432
1752,197
1753,316
1754,511
1755,1291
1756,117
1757,532
1758,313
1759,529
1760,788
1761,1761
1762,431
1763,969
1764,513
1765,459
1766,197
1767,160
1768,1670
1769,1146
1770,1059
1771,737
1772,748
1773,31
1774,266
1775,560
1776,612
1777,1777
1778,544
1779,1779
1780,914
1781,733
1782,1782
1783,1783
1784,1784
1785,1559
1786,719
1787,1787
1788,386
1789,1789
1790,533
1791,184
1792,511
1793,623
1794,100
1795,875
1796,1796
1797,351
1798,46
1799,1603
1800,170
1801,239
1802,1802
1803,1432
1804,1804
1805,1061
1806,73
1807,1807
1808,348
1809,1313
1810,202
1811,1811
1812,1422
1813,1813
1814,913
1815,431
1816,1083
1817,574
1818,986
1819,1331
1820,1820
1821,11
1822,1822
1823,1823
1824,1824
1825,267
1826,61
1827,758
1828,1312
1829,348
1830,878
1831,1831
1832,652
1833,29
1834,1306
1835,1835
1836,1836
1837,1251
1838,1144
1839,1839
1840,1840
1841,1841
1842,600
1843,174
1844,1244
1845,1845
1846,1846
1847,574
1848,1214
1849,913
1850,1850
1851,1851
1852,1852
1853,1853
1854,836
1855,1432
1856,1856
1857,1857
1858,969
1859,1859
1860,536
1861,1072
1862,583
1863,1863
1864,1864
1865,1865
1866,900
1867,1867
1868,160
1869,1422
1870,1870
1871,1871
1872,1872
1873,1306
1874,1874
1875,1875
1876,1107
1877,1877
1878,1878
1879,1879
1880,1880
1881,1881
1882,1882
1883,1381
1884,1884
1885,901
1886,1886
1887,1059
1888,823
1889,431
1890,1890
1891,160
1892,694
1893,1115
1894,1894
1895,958
1896,1896
1897,1624
1898,894
1899,838
1900,1900
1901,1901
1902,1902
1903,1903
1904,755
1905,1422
1906,1906
1907,1907
1908,1908
1909,1909
1910,1520
1911,225
1912,1059
1913,1913
1914,1914
1915,1789
1916,765
1917,648
1918,1918
1919,15
1920,1920
1921,1745
1922,1922
1923,1923
1924,1924
1925,1852
1926,640
1927,1927
1928,1928
1929,20
1930,1930
1931,1931
1932,1932
1933,1933
1934,760
1935,1935
1936,398
1937,1937
1938,1146
1939,1624
1940,202
1941,1284
1942,401
1943,447
1944,1466
1945,1945
1946,1317
1947,1947
1948,1948
1949,1949
1950,213
1951,507
1952,667
1953,1953
1954,705
1955,517
1956,1956
1957,1391
1958,1958
1959,1645
1960,1960
1961,1961
1962,1453
1963,1452
1964,728
1965,391
1966,1325
1967,31
1968,1026
1969,986
1970,565
1971,210
1972,1972
1973,275
1974,1974
1975,768
1976,1976
1977,805
1978,1978
1979,1979
1980,231
1981,1981
1982,1982
1983,1983
1984,894
1985,1072
1986,1612
1987,1987
1988,1014
1989,160
1990,1990
1991,1932
1992,588
1993,1993
1994,1994
1995,512
1996,583
1997,726
1998,1343
1999,913
2000,623
2001,1381
2002,1670
2003,1422
2004,1231
2005,2005
2006,2006
2007,246
2008,588
2009,231
2010,1670
2011,2011
2012,1447
2013,2013
2014,1400
2015,336
2016,131
2017,900
2018,1317
2019,31
2020,2020
2021,1313
2022,2022
2023,919
2024,2024
2025,719
2026,2026
2027,2027
2028,2028
2029,1395
2030,1720
2031,2031
2032,281
2033,2033
2034,2034
2035,1730
2036,2036
2037,827
2038,2038
2039,1651
2040,859
2041,196
2042,389
2043,1112
2044,2044
2045,1559
2046,623
2047,2047
2048,2048
2049,705
2050,719
2051,979
2052,1822
2053,159
2054,1718
2055,2055
2056,160
2057,2
2058,2058
2059,286
2060,2060
2061,2061
2062,1750
2063,2063
2064,966
2065,46
2066,184
2067,46
2068,2068
2069,265
2070,417
2071,436
2072,2072
2073,2073
2074,2074
2075,239
2076,38
2077,707
2078,1669
2079,422
2080,1745
2081,364
2082,2013
2083,660
2084,1545
2085,384
2086,1119
2087,2087
2088,1611
2089,1822
2090,105
2091,2091
2092,1822
2093,2093
2094,2094
2095,2095
2096,2096
2097,1237
2098,2098
2099,2099
2100,912
2101,1467
2102,160
2103,1586
2104,635
2105,2105
2106,1947
2107,2107
2108,1354
2109,908
2110,511
2111,2111
2112,2112
2113,2113
2114,1586
2115,162
2116,109
2117,2117
2118,2047
2119,1482
2120,388
2121,1251
2122,2122
2123,1095
2124,67
2125,2125
2126,2126
2127,2127
2128,2128
2129,788
2130,1014
2131,2131
2132,1882
2133,225
2134,236
2135,913
2136,64
2137,387
2138,2138
2139,2139
2140,2140
2141,2141
2142,2142
2143,1072
2144,2144
2145,316
2146,2146
2147,862
2148,1095
2149,2149
2150,2150
2151,958
2152,160
2153,2153
2154,930
2155,2155
2156,544
2157,2157
2158,150
2159,204
2160,2160
2161,1069
2162,401
2163,2163
2164,862
2165,2165
2166,1750
2167,2167
2168,160
2169,2169
2170,11
2171,162
2172,2172
2173,1115
2174,2174
2175,2175
2176,2176
2177,2177
2178,2178
2179,1586
2180,1183
2181,388
2182,2182
2183,2183
2184,511
2185,787
2186,1559
2187,2187
2188,174
2189,1
2190,756
2191,764
2192,316
2193,73
2194,2194
2195,236
2196,1014
2197,1907
2198,1559
2199,2199
2200,1863
2201,894
2202,1559
2203,298
2204,38
2205,1312
2206,2206
2207,425
2208,425
2209,617
2210,385
2211,1306
2212,2212
2213,2213
2214,160
2215,1026
2216,862
2217,2217
2218,1840
2219,2219
2220,2220
2221,966
2222,1745
2223,97
2224,765
2225,1735
2226,2226
2227,2227
2228,2228
2229,2229
2230,2230
2231,2231
2232,1547
2233,2233
2234,1452
2235,1440
2236,2236
2237,1907
2238,2238
2239,1903
2240,1613
2241,229
2242,1706
2243,2243
2244,1166
2245,2245
2246,2246
2247,2247
2248,67
2249,2167
2250,1257
2251,1363
2252,2252
2253,160
2254,2254
2255,596
2256,2256
2257,659
2258,2258
2259,2259
2260,2260
2261,2261
2262,2262
2263,914
2264,2264
2265,2038
2266,2024
2267,459
2268,1204
2269,858
2270,2270
2271,1146
2272,2125
2273,630
2274,53
2275,1248
2276,1822
2277,2277
2278,666
2279,109
2280,135
2281,160
2282,2282
2283,153
2284,1452
2285,2285
2286,225
2287,2287
2288,784
2289,2289
2290,2290
2291,2291
2292,2292
2293,2293
2294,2294
2295,2295
2296,2296
2297,275
2298,2298
2299,1079
2300,447
2301,2301
2302,1172
2303,268
2304,1011
2305,629
2306,507
2307,1935
2308,1607
2309,76
2310,2141
2311,1354
2312,2312
2313,300
2314,1312
2315,131
2316,195
2317,873
2318,2128
2319,313
2320,2320
2321,2294
2322,160
2323,849
2324,162
2325,1559
2326,166
2327,1841
2328,143
2329,2329
2330,2330
2331,500
2332,2332
2333,1856
2334,61
2335,2335
2336,511
2337,2337
2338,943
2339,1559
2340,2340
2341,2005
2342,2342
2343,1231
2344,943
2345,184
2346,1701
2347,2347
2348,2348
2349,348
2350,2350
2351,151
2352,662
2353,2353
2354,2354
2355,921
2356,2356
2357,1796
2358,105
2359,1544
2360,308
2361,194
2362,2362
2363,1133
2364,2364
2365,1559
2366,2366
2367,160
2368,2368
2369,2369
2370,2370
2371,422
2372,1183
2373,2373
2374,160
2375,2375
2376,2376
2377,268
2378,2378
2379,2379
2380,1856
2381,2381
2382,1199
2383,1822
2384,2384
2385,152
2386,2386
2387,2387
2388,2388
2389,2389
2390,2390
2391,2391
2392,596
2393,0
2394,2394
2395,845
2396,1381
2397,1545
2398,870
2399,296
2400,2400
2401,1251
2402,1823
2403,2403
2404,645
2405,214
2406,2406
2407,2292
2408,1391
2409,799
2410,1620
2411,2411
2412,2412
2413,2413
2414,1364
2415,27
2416,2416
2417,2417
2418,2418
2419,506
2420,2420
2421,2421
2422,733
2423,266
2424,2424
2425,2425
2426,2426
2427,2427
2428,2428
2429,2429
2430,197
2431,2431
2432,1880
2433,2433
2434,2434
2435,2435
2436,2436
2437,2437
2438,376
2439,100
2440,151
2441,2441
2442,2442
2443,2443
2444,157
2445,2445
2446,662
2447,1953
2448,401
2449,705
2450,2450
2451,961
2452,120
2453,2453
2454,2454
2455,44
2456,160
2457,879
2458,475
2459,2459
2460,1244
2461,2461
2462,387
2463,2463
2464,1559
2465,2465
2466,2466
2467,2467
2468,2468
2469,837
2470,2470
2471,1559
2472,2472
2473,2473
2474,2474
2475,1903
2476,436
2477,2477
2478,2478
2479,2479
2480,2480
2481,1559
2482,2482
2483,1053
2484,2484
2485,2485
2486,1706
2487,2487
2488,2488
2489,2489
2490,2490
2491,2491
2492,2175
2493,1422
2494,2494
2495,2495
2496,2496
2497,160
2498,1918
2499,2499
2500,2500
2501,2501
2502,84
2503,383
2504,184
2505,1935
2506,342
2507,265
2508,151
2509,2
2510,618
2511,431
2512,160
2513,2513
2514,46
2515,2515
2516,2516
2517,2436
2518,97
2519,343
2520,2520
2521,729
2522,2073
2523,1014
2524,105
2525,1822
2526,2526
2527,2527
2528,272
2529,1093
2530,511
2531,2531
2532,2532
2533,862
2534,1091
2535,213
2536,2536
2537,64
2538,554
2539,63
2540,2540
2541,879
2542,2542
2543,1725
2544,1424
2545,2474
2546,2546
2547,159
2548,662
2549,2549
2550,2550
2551,2551
2552,2340
2553,2553
2554,1041
2555,805
2556,2556
2557,982
2558,2558
2559,2559
2560,2138
2561,1559
2562,2562
2563,2487
2564,1306
2565,2416
2566,2566
2567,2567
2568,2568
2569,697
2570,2570
2571,2571
2572,2155
2573,2573
2574,2574
2575,225
2576,2576
2577,353
2578,2578
2579,1649
2580,2112
2581,2581
2582,2582
2583,2583
2584,2584
2585,2585
2586,2586
2587,2587
2588,2588
2589,2589
2590,2590
2591,1231
2592,1559
2593,2593
2594,2594
2595,142
2596,2596
2597,447
2598,2330
2599,160
2600,737
2601,2601
2602,517
2603,1804
2604,2604
2605,2605
2606,1084
2607,2607
2608,2608
2609,2609
2610,2610
2611,2611
2612,1095
2613,1559
2614,2614
2615,2495
2616,2616
2617,28
2618,2618
2619,1062
2620,2620
2621,1559
2622,2622
2623,160
2624,2624
2625,2625
2626,2626
2627,2368
2628,2628
2629,1918
2630,2630
2631,875
2632,919
2633,2633
2634,2373
2635,2635
2636,2636
2637,1470
2638,1053
2639,2639
2640,2640
2641,2641
2642,2642
2643,2643
2644,2644
2645,2645
2646,2646
2647,2647
2648,2648
2649,2649
2650,2650
2651,729
2652,2652
2653,178
2654,2654
2655,2655
2656,623
2657,2657
2658,943
2659,921
2660,544
2661,2661
2662,2662
2663,2663
2664,100
2665,91
2666,984
2667,2667
2668,2668
2669,1870
2670,1510
2671,160
2672,2672
2673,1014
2674,1822
2675,2675
2676,2676
2677,868
2678,2582
2679,475
2680,791
2681,1146
2682,2348
2683,2350
2684,1026
2685,210
2686,2686
2687,2687
2688,2688
2689,2689
2690,61
2691,900
2692,1336
2693,2693
2694,109
2695,2695
2696,313
2697,2697
2698,2698
2699,2699
2700,2700
2701,1972
2702,174
2703,2703
2704,2487
2705,2576
2706,2706
2707,2219
2708,2708
2709,971
2710,2710
2711,376
2712,2712
2713,2713
2714,662
2715,151
2716,120
2717,2175
2718,2230
2719,1326
2720,1738
2721,2608
2722,2389
2723,160
2724,477
2725,596
2726,2226
2727,511
2728,1497
2729,152
2730,175
2731,2731
2732,849
2733,1041
2734,316
2735,1894
2736,2736
2737,2737
2738,2738
2739,1326
2740,1383
2741,2741
2742,2742
2743,912
2744,2744
2745,2174
2746,2746
2747,2206
2748,2748
2749,2749
2750,2750
2751,2751
2752,536
2753,2753
2754,275
2755,2755
2756,226
2757,967
2758,623
2759,2759
2760,2760
2761,2761
2762,2762
2763,2763
2764,2138
2765,1642
2766,2766
2767,2767
2768,2768
2769,2769
2770,2466
2771,2771
2772,755
2773,266
2774,2774
2775,1918
2776,2776
2777,970
2778,1953
2779,2779
2780,2780
2781,1956
2782,787
2783,2783
2784,1166
2785,2624
2786,2786
2787,2787
2788,632
2789,377
2790,2549
2791,1796
2792,265
2793,2793
2794,2589
2795,1804
2796,2796
2797,2797
2798,600
2799,2799
2800,2657
2801,2526
2802,2802
2803,2588
2804,2804
2805,2805
2806,516
2807,2807
2808,2808
2809,827
2810,46
2811,266
2812,2812
2813,1384
2814,202
2815,202
2816,1729
2817,65
2818,2818
2819,157
2820,2820
2821,1132
2822,2822
2823,269
2824,931
2825,354
2826,1111
2827,447
2828,2828
2829,2829
2830,2622
2831,2831
2832,2832
2833,2833
2834,800
2835,2835
2836,35
2837,2254
2838,2838
2839,2839
2840,768
2841,1336
2842,824
2843,764
2844,160
2845,1014
2846,2160
2847,2829
2848,2562
2849,2849
2850,2850
2851,1545
2852,2852
2853,667
2854,1544
2855,787
2856,2856
2857,979
2858,1734
2859,436
2860,1783
2861,952
2862,92
2863,1343
2864,2864
2865,989
2866,296
2867,2867
2868,2868
2869,2869
2870,2870
2871,2871
2872,2872
2873,1559
2874,690
2875,2467
2876,900
2877,2877
2878,1706
2879,2879
2880,1268
2881,229
2882,2882
2883,2883
2884,2884
2885,2885
2886,2886
2887,1287
2888,2888
2889,2889
2890,894
2891,2891
2892,24
2893,1953
2894,2443
2895,612
2896,2896
2897,2897
2898,2898
2899,1622
2900,2900
2901,2901
2902,2902
2903,316
2904,2904
2905,2905
2906,558
2907,2907
2908,2614
2909,2909
2910,2910
2911,2911
2912,456
2913,215
2914,2914
2915,1725
2916,1214
2917,699
2918,719
2919,2073
2920,1284
2921,2921
2922,2027
2923,2923
2924,1084
2925,197
2926,417
2927,1501
2928,1098
2929,2403
2930,2556
2931,2931
2932,348
2933,1291
2934,1890
2935,2935
2936,630
2937,2937
2938,1106
2939,2939
2940,2940
2941,1879
2942,2942
2943,170
2944,27
2945,2945
2946,1422
2947,2947
2948,2219
2949,2760
2950,1990
2951,1313
2952,2952
2953,2953
2954,2954
2955,2955
2956,1890
2957,2036
2958,2958
2959,2959
2960,2960
2961,2961
2962,2962
2963,1084
2964,2964
2965,2965
2966,630
2967,46
2968,2968
2969,2969
2970,2970
2971,160
2972,2972
2973,2737
2974,2974
2975,2975
2976,1095
2977,2977
2978,2978
2979,431
2980,168
2981,2981
2982,2467
2983,1527
2984,2978
2985,1262
2986,1822
2987,61
2988,2988
2989,770
2990,2107
2991,336
2992,1845
2993,770
2994,2994
2995,788
2996,2996
2997,115
2998,2578
2999,2142
3000,2831
3001,3001
3002,3002
3003,3003
3004,194
3005,1605
3006,3006
3007,1317
3008,3008
3009,456
3010,2427
3011,660
3012,1824
3013,3013
3014,2022
3015,849
3016,3016
3017,966
3018,3018
3019,3019
3020,2672
3021,3021
3022,2294
3023,3023
3024,3024
3025,1251
3026,961
3027,1195
3028,788
3029,3029
3030,2270
3031,900
3032,878
3033,290
3034,3034
3035,756
3036,2589
3037,2364
3038,3038
3039,3039
3040,3040
3041,3041
3042,2942
3043,1264
3044,3044
3045,3045
3046,1403
3047,2822
3048,3048
3049,105
3050,25
3051,2442
3052,348
3053,3053
3054,1014
3055,1661
3056,3056
3057,3057
3058,3058
3059,1701
3060,160
3061,1445
3062,3062
3063,3063
3064,3064
3065,1062
3066,3066
3067,3067
3068,3068
3069,3069
3070,2160
3071,3071
3072,1923
3073,3073
3074,3074
3075,3075
3076,3076
3077,3077
3078,231
3079,3079
3080,3080
3081,1845
3082,3082
3083,900
3084,3084
3085,2829
3086,3086
3087,22
3088,966
3089,3089
3090,1956
3091,1507
3092,160
3093,3093
3094,2763
3095,827
3096,3096
3097,3097
3098,3098
3099,1287
3100,2954
3101,194
3102,3102
3103,2167
3104,3104
3105,3105
3106,3106
3107,3107
3108,3108
3109,3109
3110,3110
3111,3111
3112,2904
3113,2871
3114,3114
3115,3115
3116,1303
3117,3117
3118,1643
3119,3119
3120,3120
3121,3121
3122,3122
3123,2808
3124,3124
3125,3001
3126,3126
3127,3127
3128,3128
3129,3129
3130,984
3131,3131
3132,3132
3133,3133
3134,3134
3135,3135
3136,3136
3137,3137
3138,3138
3139,3139
3140,1632
3141,2584
3142,3142
3143,1199
3144,3144
3145,532
3146,3146
3147,1510
3148,3148
3149,2368
3150,3150
3151,3151
3152,3152
3153,3153
3154,3154
3155,1477
3156,925
3157,2958
3158,3158
3159,2657
3160,3160
3161,3161
3162,20
3163,3163
3164,1291
3165,1023
3166,1232
3167,3167
3168,504
3169,1251
3170,2689
3171,2176
3172,2981
3173,3173
3174,2736
3175,755
3176,3176
3177,934
3178,2217
3179,3179
3180,117
3181,3181
3182,3182
3183,122
3184,1100
3185,3185
3186,2187
3187,160
3188,3188
3189,2700
3190,2342
3191,2138
3192,2230
3193,3193
3194,2337
3195,3195
3196,3196
3197,3197
3198,2219
3199,3199
3200,2610
3201,3201
3202,3202
3203,3203
3204,2441
3205,3205
3206,3206
3207,3207
3208,3208
3209,3209
3210,3210
3211,3211
3212,3212
3213,160
3214,3214
3215,197
3216,859
3217,3217
3218,3218
3219,3219
3220,3220
3221,1545
3222,1990
3223,3223
3224,3224
3225,3225
3226,3226
3227,2877
3228,2962
3229,3229
3230,2227
3231,3231
3232,3232
3233,3233
3234,3234
3235,3235
3236,3236
3237,2978
3238,3238
3239,269
3240,3240
3241,3241
3242,870
3243,1349
3244,116
3245,3245
3246,662
3247,943
3248,3248
3249,3249
3250,2686
3251,3251
3252,1546
3253,3253
3254,2298
3255,3255
3256,3256
3257,3257
3258,117
3259,3259
3260,160
3261,1146
3262,1068
3263,3263
3264,3264
3265,3265
3266,1901
3267,3267
3268,1701
3269,3269
3270,3270
3271,2487
3272,3272
3273,631
3274,3274
3275,1747
3276,2442
3277,73
3278,2157
3279,3279
3280,2487
3281,160
3282,3282
3283,2219
3284,3284
3285,2578
3286,872
3287,3287
3288,1865
3289,2289
3290,3290
3291,3291
3292,3292
3293,3293
3294,3294
3295,3295
3296,3296
3297,3297
3298,1307
3299,3299
3300,3300
3301,1284
3302,3302
3303,160
3304,3304
3305,3305
3306,3306
3307,2245
3308,1116
3309,3309
3310,3310
3311,1244
3312,3312
3313,1133
3314,3284
3315,3315
3316,3316
3317,3317
3318,1133
3319,1453
3320,3320
3321,3321
3322,1544
3323,3323
3324,2586
3325,2289
3326,3326
3327,1823
3328,2228
3329,3329
3330,3330
3331,2822
3332,629
3333,3333
3334,1804
3335,3335
3336,1612
3337,3337
3338,3338
3339,3339
3340,3340
3341,456
3342,3342
3343,2550
3344,3344
3345,27
3346,3346
3347,3347
3348,3348
3349,849
3350,921
3351,19
3352,2877
3353,231
3354,120
3355,3348
3356,697
3357,3357
3358,3019
3359,178
3360,565
3361,910
3362,862
3363,1804
3364,160
3365,3365
3366,3348
3367,1906
3368,1470
3369,3369
3370,3370
3371,719
3372,3372
3373,160
3374,2686
3375,1392
3376,2
3377,3372
3378,3378
3379,1313
3380,3380
3381,1304
3382,2556
3383,3383
3384,61
3385,3295
3386,3136
3387,174
3388,1875
3389,3389
3390,160
3391,3391
3392,160
3393,3161
3394,293
3395,3074
3396,3396
3397,3134
3398,2805
3399,3399
3400,3400
3401,3401
3402,864
3403,3337
3404,3404
3405,1257
3406,1235
3407,3407
3408,3408
3409,3409
3410,1264
3411,1095
3412,3412
3413,3006
3414,3414
3415,3415
3416,3416
3417,3417
3418,3270
3419,3419
3420,849
3421,3421
3422,3422
3423,623
3424,3424
3425,1745
3426,699
3427,3427
3428,3428
3429,3429
3430,3430
3431,3431
3432,3432
3433,1035
3434,807
3435,3435
3436,2731
3437,1592
3438,3438
3439,475
3440,3440
3441,3441
3442,348
3443,68
3444,66
3445,3272
3446,1349
3447,3447
3448,3448
3449,2087
3450,89
3451,3451
3452,3452
3453,2566
3454,3454
3455,3455
3456,3456
3457,2112
3458,0
3459,3459
3460,618
3461,160
3462,1317
3463,2675
3464,100
3465,2176
3466,3466
3467,3467
3468,694
3469,391
3470,3470
3471,729
3472,3472
3473,2686
3474,10
3475,435
3476,334
3477,175
3478,3478
3479,2872
3480,958
3481,900
3482,3482
3483,3483
3484,2872
3485,733
3486,160
3487,1060
3488,3488
3489,731
3490,3490
3491,1745
3492,3492
3493,2150
3494,3494
3495,3495
3496,3496
3497,3497
3498,3498
3499,3499
3500,1235
3501,2799
3502,3502
3503,3503
3504,3504
3505,160
3506,3506
3507,2461
3508,3508
3509,2178
3510,3510
3511,3511
3512,3512
3513,1546
3514,3514
3515,3399
3516,3516
3517,3517
3518,3105
3519,2155
3520,805
3521,3521
3522,2610
3523,3523
3524,3524
3525,1445
3526,3526
3527,3527
3528,3528
3529,2642
3530,3138
3531,3531
3532,160
3533,966
3534,3534
3535,3535
3536,1236
3537,3537
3538,3538
3539,824
3540,3540
3541,3541
3542,3542
3543,160
3544,3136
3545,3231
3546,2746
3547,3547
3548,2965
3549,3188
3550,3466
3551,1454
3552,3552
3553,1331
3554,3554
3555,623
3556,2312
3557,1726
3558,3558
3559,3559
3560,3560
3561,3561
3562,900
3563,3563
3564,3564
3565,2491
3566,3566
3567,3567
3568,3568
3569,3569
3570,1472
3571,3571
3572,2516
3573,3573
3574,3574
3575,3575
3576,2074
3577,3577
3578,38
3579,2978
3580,3580
3581,2073
3582,3582
3583,2149
3584,3584
3585,268
3586,3586
3587,3587
3588,2149
3589,3589
3590,2028
3591,1913
3592,3592
3593,3593
3594,1062
3595,1424
3596,3596
3597,3
3598,3598
3599,1317
3600,1214
3601,3601
3602,3602
3603,115
3604,3604
3605,3605
3606,3606
3607,3607
3608,435
3609,3609
3610,3610
3611,2831
3612,1841
3613,2389
3614,3614
3615,3615
3616,3616
3617,3617
3618,1052
3619,3619
3620,3620
3621,177
3622,387
3623,3623
3624,3231
3625,1851
3626,3626
3627,511
3628,3628
3629,3629
3630,3630
3631,2831
3632,3632
3633,3478
3634,3634
3635,3635
3636,3636
3637,1841
3638,3638
3639,3639
3640,3640
3641,852
3642,3642
3643,3348
3644,3644
3645,3645
3646,3181
3647,1641
3648,60
3649,95
3650,3126
3651,3651
3652,1918
3653,3653
3654,3654
3655,3655
3656,18
3657,2759
3658,3658
3659,1204
3660,2624
3661,3134
3662,3662
3663,3506
3664,3664
3665,3665
3666,3666
3667,3667
3668,961
3669,1958
3670,3670
3671,3671
3672,3672
3673,3673
3674,3674
3675,3675
3676,3676
3677,3677
3678,127
3679,348
3680,3680
3681,3681
3682,2965
3683,3683
3684,770
3685,2762
3686,3686
3687,160
3688,3688
3689,3689
3690,3391
3691,3071
3692,3134
3693,3693
3694,277
3695,3695
3696,3696
3697,1317
3698,3698
3699,3699
3700,3700
3701,1073
3702,3702
3703,3323
3704,1804
3705,2364
3706,3706
3707,3707
3708,3708
3709,1890
3710,3512
3711,2550
3712,3712
3713,3713
3714,3714
3715,3715
3716,3716
3717,3717
3718,3718
3719,3719
3720,3720
3721,1395
3722,2675
3723,43
3724,2175
3725,3725
3726,900
3727,160
3728,54
3729,175
3730,3730
3731,3731
3732,100
3733,3733
3734,1880
3735,3735
3736,3736
3737,3737
3738,3738
3739,2886
3740,3740
3741,3741
3742,3742
3743,3743
3744,3744
3745,3745
3746,3746
3747,873
3748,3748
3749,1993
3750,3750
3751,160
3752,3347
3753,3753
3754,2226
3755,368
3756,1620
3757,3757
3758,3758
3759,743
3760,699
3761,160
3762,3097
3763,487
3764,894
3765,2206
3766,2298
3767,1235
3768,1559
3769,3769
3770,20
3771,11
3772,3772
3773,3773
3774,3774
3775,3775
3776,3776
3777,63
3778,2994
3779,160
3780,3780
3781,958
3782,3782
3783,3783
3784,3784
3785,1745
3786,1559
3787,105
3788,3788
3789,3788
3790,2426
3791,3725
3792,3511
3793,3793
3794,1146
3795,1238
3796,3634
3797,3797
3798,2153
3799,3098
3800,3800
3801,2437
3802,3802
3803,100
3804,2872
3805,3805
3806,768
3807,3807
3808,1317
3809,3809
3810,3810
3811,3811
3812,3812
3813,3813
3814,3814
3815,3773
3816,3816
3817,969
3818,3818
3819,316
3820,3820
3821,1777
3822,3822
3823,3068
3824,511
3825,2751
3826,1987
3827,3827
3828,3828
3829,3829
3830,160
3831,1237
3832,3832
3833,3833
3834,3148
3835,1622
3836,3836
3837,3837
3838,3838
3839,3839
3840,3840
3841,1596
3842,3842
3843,3248
3844,3844
3845,3845
3846,487
3847,3523
3848,1953
3849,3849
3850,3850
3851,3512
3852,3852
3853,3853
3854,3854
3855,3855
3856,3856
3857,3857
3858,3858
3859,2340
3860,912
3861,160
3862,1882
3863,3863
3864,3864
3865,504
3866,424
3867,160
3868,3868
3869,3512
3870,3870
3871,3523
3872,2434
3873,2153
3874,3874
3875,3875
3876,3840
3877,170
3878,2044
3879,2298
3880,3880
3881,27
3882,3882
3883,3883
3884,3884
3885,3885
3886,3886
3887,1886
3888,3888
3889,918
3890,3890
3891,3891
3892,3892
3893,160
3894,3894
3895,3895
3896,3896
3897,765
3898,3898
3899,3899
3900,3900
3901,1993
3902,3902
3903,2227
3904,3904
3905,3905
3906,3906
3907,1789
3908,3908
3909,3909
3910,3910
3911,3305
3912,2206
3913,2220
3914,2578
3915,3915
3916,3916
3917,3917
3918,648
3919,3919
3920,3920
3921,3921
3922,3807
3923,3923
3924,934
3925,3348
3926,3926
3927,3927
3928,943
3929,900
3930,3930
3931,1312
3932,2176
3933,296
3934,3934
3935,2487
3936,2981
3937,1607
3938,2604
3939,3870
3940,3940
3941,1319
3942,3942
3943,3943
3944,1725
3945,972
3946,2153
3947,3776
3948,3948
3949,2153
3950,236
3951,3951
3952,3003
3953,3953
3954,3870
3955,3152
3956,2604
3957,160
3958,3958
3959,3959
3960,1745
3961,3961
3962,3632
3963,3003
3964,3964
3965,160
3966,1008
3967,3967
3968,3968
3969,1990
3970,3272
3971,3971
3972,3972
3973,3973
3974,871
3975,3975
3976,3976
3977,2698
3978,3086
3979,110
3980,3738
3981,1949
3982,1317
3983,2886
3984,3984
3985,3985
3986,3986
3987,3987
3988,3988
3989,3989
3990,3990
3991,160
3992,3992
3993,160
3994,3994
3995,3995
3996,312
3997,160
3998,2896
3999,3999
4000,4000
4001,4001
4002,2388
4003,4003
4004,4004
4005,4005
4006,105
4007,4007
4008,4008
4009,4009
4010,1472
4011,4011
4012,4012
4013,2348
4014,4014
4015,4015
4016,4016
4017,4017
4018,4018
4019,117
4020,4020
4021,4021
4022,760
4023,3927
4024,4024
4025,4025
4026,2759
4027,4027
4028,150
4029,1391
4030,4030
4031,4031
4032,2601
4033,3776
4034,4034
4035,3849
4036,1993
4037,2298
4038,4038
4039,4039
4040,2889
4041,4041
4042,4042
4043,3919
4044,4044
4045,3849
4046,1993
4047,3024
4048,4048
4049,2487
4050,4050
4051,4051
4052,4052
4053,4053
4054,4054
4055,4055
4056,4056
4057,4057
4058,3634
4059,4059
4060,3372
4061,1593
4062,4062
4063,4063
4064,2953
4065,4065
4066,1095
4067,3503
4068,1745
4069,4069
4070,4070
4071,4071
4072,4072
4073,2849
4074,4074
4075,4075
4076,3654
4077,629
4078,4078
4079,4079
4080,896
4081,4081
4082,4082
4083,4083
4084,2642
4085,4085
4086,84
4087,4087
4088,4088
4089,4089
4090,900
4091,4091
4092,2822
4093,4093
4094,3571
4095,4095
4096,3853
4097,4097
4098,1580
4099,3853
4100,1933
4101,4101
4102,440
4103,827
4104,4104
4105,1304
4106,4106
4107,3988
4108,4108
4109,4109
4110,4110
4111,4111
4112,4112
4113,4113
4114,3508
4115,4115
4116,4116
4117,4117
4118,4118
4119,2965
4120,3964
4121,4121
4122,4122
4123,4123
4124,1023
4125,4125
4126,160
4127,1559
4128,4128
4129,1559
4130,4130
4131,115
4132,4132
4133,630
4134,1900
4135,4135
4136,3056
4137,4137
4138,4138
4139,4139
4140,4140
4141,4141
4142,3414
4143,1745
4144,162
4145,1115
4146,4146
4147,4147
4148,731
4149,4149
4150,4150
4151,3896
4152,4152
4153,4153
4154,64
4155,1252
4156,231
4157,4157
4158,160
4159,117
4160,3506
4161,4161
4162,4162
4163,3896
4164,4164
4165,160
4166,4166
4167,4167
4168,3664
4169,4169
4170,3975
4171,4171
4172,301
4173,4173
4174,4174
4175,4175
4176,4176
4177,2291
4178,4178
4179,3571
4180,52
4181,160
4182,4182
4183,4183
4184,4184
4185,979
4186,4186
4187,4187
4188,4188
4189,4189
4190,2676
4191,4191
4192,2527
4193,1115
4194,4194
4195,4195
4196,4196
4197,4197
4198,4198
4199,4199
4200,4200
4201,1559
4202,4202
4203,4203
4204,160
4205,4205
4206,4206
4207,3561
4208,3737
4209,4209
4210,4210
4211,4211
4212,4212
4213,3561
4214,852
4215,2176
4216,4216
4217,4217
4218,4218
4219,4219
4220,4220
4221,2759
4222,3531
4223,2381
4224,4224
4225,4225
4226,4226
4227,1900
4228,4228
4229,1146
4230,2540
4231,4231
4232,4232
4233,4233
4234,1136
4235,4146
4236,630
4237,4237
4238,4238
4239,4239
4240,4240
4241,4241
4242,4242
4243,3039
4244,4244
4245,4245
4246,3940
4247,3870
4248,4248
4249,4249
4250,4250
4251,4251
4252,282
4253,4253
4254,4254
4255,4255
4256,1894
4257,4239
4258,2699
4259,4259
4260,4260
4261,4048
4262,4262
4263,4263
4264,3927
4265,3523
4266,3919
4267,4267
4268,4268
4269,4269
4270,4270
4271,4271
4272,4272
4273,849
4274,4274
4275,4275
4276,4276
4277,4277
4278,9
4279,4279
4280,4280
4281,3927
4282,4116
4283,3086
4284,1813
4285,296
4286,967
4287,2153
4288,1918
4289,3104
4290,38
4291,4291
4292,4292
4293,4293
4294,4294
4295,4295
4296,3797
4297,4297
4298,969
4299,4299
4300,2624
4301,4301
4302,4302
4303,4303
4304,4304
4305,4305
4306,4306
4307,2755
4308,4308
4309,2888
4310,3231
4311,4311
4312,4312
4313,4313
4314,3372
4315,4315
4316,4316
4317,4317
4318,4318
4319,4319
4320,4320
4321,4321
4322,4322
4323,122
4324,4324
4325,4325
4326,4326
4327,4327
4328,4328
4329,4329
4330,4330
4331,3508
4332,4332
4333,4333
4334,4334
4335,194
4336,4336
4337,160
4338,3305
4339,4339
4340,4340
4341,4341
4342,4342
4343,858
4344,160
4345,4345
4346,4346
4347,4347
4348,4348
4349,4011
4350,4350
4351,2153
4352,1304
4353,3776
4354,4354
4355,4015
4356,4356
4357,4357
4358,3919
4359,160
4360,900
4361,231
4362,38
4363,870
4364,4364
4365,4365
4366,1607
4367,1990
4368,2712
4369,2153
4370,2013
4371,4371
4372,4372
4373,269
4374,3730
4375,1641
4376,4376
4377,4377
4378,4378
4379,2969
4380,4380
4381,4381
4382,4382
4383,4383
4384,4384
4385,3615
4386,4386
4387,4387
4388,606
4389,4389
4390,4390
4391,4391
4392,4392
4393,3571
4394,160
4395,4395
4396,4396
4397,4397
4398,4398
4399,4399
4400,4400
4401,4401
4402,4402
4403,3615
4404,4404
4405,4405
4406,4406
4407,3235
4408,4408
4409,958
4410,3326
4411,4411
4412,61
4413,456
4414,1023
4415,4415
4416,4416
4417,4417
4418,1718
4419,4419
4420,2574
4421,4421
4422,2142
4423,4423
4424,4424
4425,2700
4426,4426
4427,61
4428,3323
4429,4429
4430,4430
4431,4431
4432,3733
4433,2624
4434,1544
4435,4435
4436,4436
4437,4437
4438,4438
4439,4439
4440,3563
4441,3272
4442,2610
4443,4443
4444,4444
4445,3632
4446,59
4447,4447
4448,4448
4449,4449
4450,1993
4451,2047
4452,969
4453,4453
4454,3910
4455,4455
4456,4456
4457,4457
4458,4458
4459,4459
4460,4460
4461,18
4462,4462
4463,4463
4464,4464
4465,4465
4466,724
4467,4467
4468,4468
4469,4469
4470,4470
4471,4471
4472,4472
4473,1105
4474,4474
4475,4475
4476,1408
4477,4477
4478,4478
4479,4479
4480,4480
4481,3976
4482,4482
4483,2027
4484,4484
4485,4485
4486,4486
4487,4487
4488,4488
4489,4489
4490,4490
4491,3348
4492,4492
4493,4493
4494,4494
4495,4495
4496,4496
4497,4497
4498,4498
4499,4499
4500,4496
4501,4501
4502,4502
4503,4503
4504,4504
4505,4505
4506,4506
4507,4507
4508,943
4509,4509
4510,4510
4511,160
4512,4512
4513,4513
4514,4514
4515,4146
4516,4516
4517,4517
4518,4518
4519,591
4520,4371
4521,4521
4522,1310
4523,4523
4524,440
4525,1813
4526,4526
4527,4527
4528,4528
4529,4529
4530,4530
4531,1579
4532,4532
4533,3683
4534,3753
4535,4535
4536,4536
4537,4537
4538,3738
4539,4039
4540,3006
4541,4541
4542,4542
4543,4543
4544,755
4545,4545
4546,4546
4547,4547
4548,920
4549,4549
4550,4550
4551,215
4552,4316
4553,4553
4554,26
4555,4065
4556,4556
4557,4471
4558,634
4559,1831
4560,376
4561,4561
4562,1546
4563,4563
4564,3523
4565,3290
4566,4566
4567,214
4568,3662
4569,4569
4570,4570
4571,18
4572,912
4573,4573
4574,4574
4575,4575
4576,4576
4577,4577
4578,4578
4579,4579
4580,4580
4581,4581
4582,4582
4583,4583
4584,4584
4585,4585
4586,934
4587,4108
4588,4588
4589,4589
4590,4590
4591,4591
4592,4592
4593,4593
4594,4594
4595,4595
4596,852
4597,4597
4598,4598
4599,4599
4600,4137
4601,4601
4602,4602
4603,4135
4604,4604
4605,4605
4606,4606
4607,2105
4608,4608
4609,4609
4610,4610
4611,4611
4612,4612
4613,4613
4614,4614
4615,4611
4616,2759
4617,4617
4618,3676
4619,4619
4620,4620
4621,4339
4622,4622
4623,4623
4624,2909
4625,4625
4626,4626
4627,49
4628,4628
4629,403
4630,4527
4631,4631
4632,4632
4633,4633
4634,4634
4635,4635
4636,4054
4637,4637
4638,11
4639,954
4640,4640
4641,4592
4642,3312
4643,4643
4644,4644
4645,4645
4646,3264
4647,4647
4648,4648
4649,4649
4650,2978
4651,4651
4652,4652
4653,4653
4654,4654
4655,27
4656,4125
4657,3274
4658,166
4659,4659
4660,4660
4661,4661
4662,4662
4663,4663
4664,4664
4665,3990
4666,4666
4667,4667
4668,1477
4669,3665
4670,3681
4671,4052
4672,447
4673,3614
4674,4674
4675,160
4676,4676
4677,4677
4678,4678
4679,4679
4680,160
4681,1524
4682,4682
4683,1014
4684,4684
4685,4685
4686,4686
4687,4687
4688,4688
4689,4689
4690,27
4691,4691
4692,4692
4693,4693
4694,4694
4695,4695
4696,160
4697,4697
4698,958
4699,1953
4700,4700
4701,3927
4702,4702
4703,4703
4704,1624
4705,4705
4706,3534
4707,1188
4708,4708
4709,4167
4710,4167
4711,4711
4712,4712
4713,4713
4714,4601
4715,4715
4716,3607
4717,4717
4718,4718
4719,2254
4720,4720
4721,4721
4722,4722
4723,4723
4724,4724
4725,4725
4726,4726
4727,4727
4728,4728
4729,1317
4730,3272
4731,4731
4732,49
4733,4733
4734,1701
4735,4735
4736,4736
4737,1622
4738,4738
4739,4739
4740,4614
4741,4741
4742,4742
4743,3800
4744,4744
4745,3134
4746,160
4747,4747
4748,2364
4749,4749
4750,4750
4751,4751
4752,4752
4753,4753
4754,4754
4755,4755
4756,4756
4757,4757
4758,4758
4759,4759
4760,4652
4761,4761
4762,3478
4763,4763
4764,4764
4765,2550
4766,4766
4767,4767
4768,4768
4769,4769
4770,4770
4771,1856
4772,115
4773,66
4774,1641
4775,4775
4776,4776
4777,4777
4778,2095
4779,282
4780,4780
4781,4781
4782,231
4783,4783
4784,2482
4785,2131
4786,3074
4787,4787
4788,4788
4789,4789
4790,4790
4791,4513
4792,4792
4793,4793
4794,4794
4795,4795
4796,4796
4797,4797
4798,4798
4799,4799
4800,900
4801,4801
4802,4802
4803,4459
4804,4804
4805,4805
4806,4806
4807,405
4808,3293
4809,4809
4810,4810
4811,4811
4812,4812
4813,1890
4814,4814
4815,4815
4816,4816
4817,4817
4818,2176
4819,3134
4820,4820
4821,3452
4822,4822
4823,4823
4824,4824
4825,4825
4826,4826
4827,2298
4828,4712
4829,4829
4830,4830
4831,4137
4832,4832
4833,1062
4834,4834
4835,4835
4836,256
4837,4837
4838,4838
4839,4839
4840,4840
4841,4841
4842,4842
4843,4843
4844,4844
4845,4845
4846,4846
4847,4847
4848,4848
4849,175
4850,4850
4851,4851
4852,4852
4853,3039
4854,4854
4855,4622
4856,4856
4857,4857
4858,4858
4859,3598
4860,3840
4861,4861
4862,4862
4863,4863
4864,4864
4865,4865
4866,4866
4867,4867
4868,4868
4869,4869
4870,4870
4871,4871
4872,4872
4873,969
4874,4874
4875,4875
4876,4876
4877,61
4878,4878
4879,4879
4880,4880
4881,4881
4882,4882
4883,4556
4884,1317
4885,4885
4886,4881
4887,1947
4888,64
4889,4889
4890,765
4891,1745
4892,4892
4893,4876
4894,4137
4895,4895
4896,4896
4897,3074
4898,4898
4899,4899
4900,4900
4901,2763
4902,2771
4903,4903
4904,4904
4905,4905
4906,4906
4907,4907
4908,4908
4909,4909
4910,4910
4911,862
4912,4912
4913,3840
4914,4914
4915,160
4916,4916
4917,4917
4918,4108
